name,address
Charters Sunningdale School,Sunningdale
Stanns Heath Junior School,Surrey
New Haw Junior School,Surrey
Westminster School,London
Eton College,Berkshire
Harrow School,London
Winchester College,Hampshire
Marlborough College,Wiltshire
Rugby School,Warwickshire
Oundle School,Northamptonshire
Uppingham School,Rutland
Clifton College,Bristol
Ampleforth College,North Yorkshire
Charterhouse School,Surrey
Dulwich College,London
Epsom College,Surrey
Giggleswick School,North Yorkshire
Gordonstoun School,Moray
Gresham's School,Norfolk
Haileybury,Hertfordshire
Ipswich School,Suffolk
Kingham Hill School,Oxfordshire
Lancing College,West Sussex
Leighton Park School,Berkshire
Magdalen College School,Oxford
Millfield School,Somerset
Monmouth School,Wales
Oakham School,Rutland
Pangbourne College,Berkshire
Radley College,Oxfordshire
Sherborne School,Dorset
Shrewsbury School,Shropshire
St Edward's School,Oxford
Stowe School,Buckinghamshire
The King's School,Canterbury
Tonbridge School,Kent
Truro School,Cornwall
Uppingham School,Rutland
Wellingborough School,Northamptonshire
Wellington College,Berkshire
Wells Cathedral School,Somerset
Westminster Abbey Choir School,London
Winchester College,Hampshire
Wycliffe College,Gloucestershire
Abingdon School,Oxfordshire
Ardingly College,West Sussex
Asheville School,North Carolina
Bancroft's School,London
Bedales School,Hampshire
Bedford School,Bedfordshire
Benenden School,Kent
Bloxham School,Oxfordshire
Bootham School,North Yorkshire
Bradfield College,Berkshire
Brentwood School,Essex
Brighton College,East Sussex
Bromsgrove School,Worcestershire
Bryanston School,Dorset
Canford School,Dorset
Caterham School,Surrey
Cheltenham College,Gloucestershire
Cheltenham Ladies College,Gloucestershire
Chigwell School,Essex
Christ's Hospital,West Sussex
Churcher's College,Hampshire
Colchester School,Essex
Colfe's School,London
Colston's School,Bristol
Concord College,Shropshire
Cranbrook School,Kent
Cranleigh School,Surrey
Cundall Manor School,North Yorkshire
Dauntsey's School,Wiltshire
Dean Close School,Gloucestershire
Denstone College,Staffordshire
Ditcham Park School,Hampshire
Dover College,Kent
Downe House,Berkshire
Downside School,Somerset
Eastbourne College,East Sussex
Ellesmere College,Shropshire
Epsom College,Surrey
Esbourne Manor,Berkshire
Eton College,Berkshire
Exeter School,Devon
Felsted School,Essex
Fettes College,Edinburgh
Frensham Heights,Surrey
Friary School,Dorset
Gateways School,Leeds
Geelong Grammar School,Victoria
Giggleswick School,North Yorkshire
Gillotts School,Oxfordshire
Godolphin and Latymer School,London
Godstowe School,Oxfordshire
Grange School,Cheshire
Grantham Girls School,Lincolnshire
Grasvenor's School,Surrey
Gresham's School,Norfolk
Grey Coat Hospital,London
Guildford High School,Surrey
Haileybury,Hertfordshire
Hall School,London
Halliford School,Middlesex
Halstead Prep School,Essex
Hampton School,Middlesex
Harrogate Ladies College,North Yorkshire
Harrow School,London
Haverford College,Pennsylvania
Hawksdown House School,London
Heathfield School,Berkshire
Hellenic American Union,Greece
Helmeted School,London
Heme Hill School,London
Henley Bank School,Essex
Hereford Cathedral School,Hereford
Herfield House,London
Heriot's School,Edinburgh
Highgate School,London
Hilden Oaks School,Essex
Holmewood House School,Kent
Holy Cross School,Surrey
Holy Trinity School,Surrey
Homefield Preparatory School,Surrey
Homerton College,Cambridge
Hornsea School,East Yorkshire
Howard of Effingham School,Surrey
Hurlingham School,London
Ickleworth School,Suffolk
Imberhorne Secondary School,Surrey
Immanuel College,Hertfordshire
Impington Village College,Cambridgeshire
Inchbald School,London
Ingleby School,Gloucestershire
Inglebrough Hall,North Yorkshire
Ingoldsby School,Lincolnshire
Ingram School,Midlands
Insbrook School,Belgium
Institu Tut,France
Interhaus School,London
Interlude School,Hampshire
Inverness Royal Academy,Scotland
Ipplepen Church of England Primary School,Devon
Ipswich High School,Suffolk
Ipswich School,Suffolk
Isleworth Polytechnic,London
Islington Community School,London
Iverna Gardens,London
Ivy House School,Sussex
Ivy Lane School,Essex
Ivy Preparatory School,Surrey
Ixworth Preparatory School,Suffolk
